Package name,Severity,Affected version,Discloded date,Published date,FirstAffectedRelease_Date,FirstFixedRelease_Date,Disclosed VS First Affected,Published VS Disclosed
accesscontrol,H,"[3.0,3.0.3]",2/24/2016,2/24/2016,5/20/2012,9/9/2012,45,0
accesscontrol,M,"[3.0,3.0.5]",2/24/2016,2/24/2016,5/20/2012,10/31/2012,45,0
accesscontrol,M,"[3.0,3.0.5]",2/24/2016,2/24/2016,5/20/2012,10/31/2012,45,0
aiohttp,M,"[,0.16.3)",5/28/2015,5/28/2015,10/25/2013,5/30/2015,19,0
airflow,M,"[,1.8)",10/6/2016,10/6/2016,1/18/2015,3/20/2017,21,0
airflow,H,"[,1.8.0)",3/3/2017,3/3/2017,1/18/2015,3/20/2017,25,0
ajenti,M,"[,1.2.21.6]",7/6/2014,7/6/2014,6/29/2013,8/6/2014,12,0
ajenti,M,"[0.99.29,1.2.17]",2/18/2014,2/18/2014,7/28/2013,2/18/2014,7,0
ajenti,M,"[1.2.20.0,1.2.22.13)",9/10/2014,9/10/2014,3/31/2014,9/10/2014,5,0
ansible,L,"[,1.2.3)",2/23/2016,2/23/2016,4/2/2013,8/22/2013,35,0
ansible,H,"[,1.5.4)",1/4/2014,1/4/2014,4/2/2013,2/13/2014,9,0
ansible,H,"[,1.6.4)",3/3/2016,3/3/2016,4/2/2013,6/25/2014,35,0
ansible,M,"[,1.9.2)",7/15/2015,7/15/2015,4/2/2013,6/25/2015,27,0
ansible,L,"[,1.9.2)",8/17/2015,8/17/2015,4/2/2013,6/25/2015,28,0
ansible,H,"[,2.1.3)",1/11/2016,1/11/2016,4/2/2013,4/11/2016,33,0
ansible,L,"[1.2,1.2.3)",2/23/2016,2/23/2016,10/6/2013,4/11/2016,29,0
ansible,L,"[1.9,1.9.7)",11/4/2017,11/4/2017,3/25/2015,12/1/2016,31,0
ansible,H,"[1.9.5,1.9.6), [2,2.0.2.0)",8/4/2016,8/4/2016,3/21/2016,4/19/2016,4,0
ansible,M,"[2,2.1.3)",1/11/2016,1/11/2016,3/9/2015,4/11/2016,10,0
ansible-vault,H,"[,1.0.5)",9/14/2017,9/20/2017,5/16/2015,9/13/2017,28,0
apache-libcloud,M,"[0.12.3,0.13.3)",4/13/2017,4/13/2017,3/21/2013,12/31/2013,49,0
apache-libcloud,M,"[0.4.2,0.11.1)",4/13/2017,4/13/2017,1/19/2011,2/8/2012,75,0
askbot,M,"[0.6.0,0.7.49)",2/28/2014,2/28/2014,6/15/2010,9/19/2013,44,0
askbot,M,"[0.6.0,0.7.49)",2/28/2014,2/28/2014,6/15/2010,9/19/2013,44,0
askbot,M,"[0.6.0,0.7.52]",5/14/2015,5/14/2015,6/15/2010,4/22/2015,59,0
aspen,M,"[0.9.18,0.21]",3/15/2013,3/15/2013,9/4/2011,1/15/2013,18,0
attic,L,"[,0.15)",5/4/2015,5/4/2015,9/7/2013,4/15/2015,20,0
authbwc,L,"[,0.1.4)",7/1/2011,7/1/2011,11/16/2010,8/1/2011,7,0
autobahn,L,"[,0.6.4)",7/10/2013,7/10/2013,8/14/2011,10/21/2013,23,0
awscli,M,"[,1.11.83)",4/22/2017,4/12/2017,12/21/2012,5/5/2017,52,0
bbcode,M,"[,1.0.18)",3/14/2013,3/14/2013,2/27/2012,8/27/2014,12,0
bbcode,M,"[,1.0.9)",3/14/2013,3/14/2013,2/27/2012,3/14/2013,12,0
beaker,M,"[0.5,1.6.4)",9/15/2012,9/15/2012,3/13/2006,6/3/2018,78,0
bepasty,M,"[,0.3.0)",10/31/2016,10/31/2016,9/2/2014,8/22/2014,26,0
bepasty,M,"[,0.3.0)",10/31/2016,10/31/2016,9/2/2014,8/22/2014,26,0
birdhousebuilder.recipe.nginx,L,"[0.1.2,0.1.5)",10/27/2014,10/27/2014,1/8/2014,10/27/2014,10,0
bjoern,M,"[,1.4.2)",1/14/2015,1/14/2015,6/12/2010,1/14/2015,55,0
bleach,M,"[,2.1)",4/8/2017,4/12/2017,2/20/2010,9/28/2017,86,0
borgbackup,M,"[,1.0.9)",11/12/2016,11/12/2016,11/6/2015,12/20/2016,12,0
borgbackup,L,"[,1.0.9)",11/12/2016,11/12/2016,11/6/2015,12/20/2016,12,0
borgbackup,M,"[1.1.0b1,1.1.3)",11/26/2017,7/12/2017,8/28/2016,11/27/2017,15,0
boto,M,"[,2.39.0)",4/14/2015,4/14/2015,3/13/2007,1/19/2016,97,0
bottle,M,"[0.10.1,0.12.11)",8/12/2016,8/12/2016,11/26/2011,12/17/2016,57,0
bottle,M,"[0.8,0.10.12), [0.11,0.11.7), [0.12,0.12.6)",1/5/2014,1/5/2014,7/15/2010,4/25/2014,42,0
bson,M,"[0.3.5,0.4.2)",9/21/2015,9/21/2015,7/23/2015,1/24/2016,2,0
cairosvg,H,"[,1.0.21)",6/14/2016,6/14/2016,12/13/2011,6/14/2016,54,0
caravel,M,"[0.8.2,0.11.0)",9/16/2016,9/16/2016,11/20/2009,5/10/2016,82,0
celery,H,"[2.4.0,2.4.3]",2/25/2016,2/25/2016,4/11/2011,11/22/2011,58,0
celery,H,"[4.0.0,4.0.1)",12/16/2016,12/16/2016,4/11/2016,9/12/2016,8,0
centrifuge,M,"[,0.3.8)",12/23/2013,12/23/2013,9/5/2013,12/23/2013,4,0
ceph-deploy,M,"[,1.5.23]",3/20/2015,3/20/2015,7/24/2013,8/4/2015,20,0
certifi,M,"[,2017.04.17)",12/3/2017,12/3/2017,12/28/2011,4/17/2017,71,0
cherrymusic,H,"[0.30.0,0.36.0)",11/18/2015,11/18/2015,1/24/2014,11/21/2015,22,0
cherrymusic,M,"[0.30.0,0.36.0)",11/18/2015,11/18/2015,1/24/2014,11/21/2015,22,0
cipher.googlepam,H,"[,1.5.1)",10/10/2012,10/10/2012,4/24/2012,11/10/2012,6,0
clam,M,"[,0.9.11)",5/11/2014,5/11/2014,1/6/2012,10/11/2014,28,0
cmsplugin-filer,M,"[,0.10.2)",6/15/2015,6/15/2015,12/1/2010,7/28/2015,54,0
collective.portlet.twitter,M,"[,1.0b3)",9/10/2013,9/10/2013,4/24/2013,9/10/2013,5,0
collective.signupsheet,M,"[,0.2.0)",10/24/2014,10/24/2014,7/29/2014,10/27/2014,3,0
collective.solr,M,"[,1.0b24)",7/23/2010,7/23/2010,5/11/2008,7/29/2010,26,0
collective.tablepage,M,"[,0.3)",10/18/2013,10/18/2013,9/19/2013,10/18/2013,1,0
comet,M,"[1.1.0,1.2.2)",4/20/2015,4/20/2015,2/28/2014,4/20/2015,14,0
cryptography,M,"[,1.1)",10/9/2015,10/9/2015,9/1/2014,10/28/2015,13,0
cryptography,M,"[,1.5.2)",1/11/2016,1/11/2016,10/1/2014,9/26/2016,15,0
dateable.chronos,M,"[,0.8)",3/21/2012,3/21/2012,10/7/2008,4/8/2012,41,0
django,M,"[,1.1.3), [1.2,1.2.4)",12/22/2010,12/22/2010,5/17/2010,12/23/2010,7,0
django,M,"[,1.1.3), [1.2,1.2.4)",12/22/2010,12/22/2010,5/17/2010,12/23/2010,7,0
django,M,"[,1.1.4), [1.2,1.2.5)",8/2/2011,8/2/2011,5/17/2010,9/2/2011,15,0
django,H,"[,1.1.4), [1.2,1.2.5)",8/2/2011,8/2/2011,5/17/2010,9/2/2011,15,0
django,M,"[,1.1.4), [1.2,1.2.5)",8/2/2011,8/2/2011,5/17/2010,9/2/2011,15,0
django,M,"[,1.2.7), [1.3,1.3.1)",11/9/2011,11/9/2011,5/17/2010,10/9/2011,18,0
django,M,"[,1.2.7), [1.3,1.3.1)",11/9/2011,11/9/2011,5/17/2010,10/9/2011,18,0
django,L,"[,1.2.7), [1.3,1.3.1)",11/9/2011,11/9/2011,5/17/2010,10/9/2011,18,0
django,M,"[,1.2.7), [1.3,1.3.1)",11/9/2011,11/9/2011,5/17/2010,10/9/2011,18,0
django,M,"[,1.2.7), [1.3,1.3.1)",11/9/2011,11/9/2011,5/17/2010,10/9/2011,18,0
django,M,"[,1.2.7), [1.3,1.3.1)",11/9/2011,11/9/2011,5/17/2010,10/9/2011,18,0
django,M,"[,1.3.2), [1.4,1.4.1)",6/30/2012,6/30/2012,5/17/2010,7/30/2012,25,0
django,M,"[,1.3.2), [1.4,1.4.1)",6/30/2012,6/30/2012,5/17/2010,7/30/2012,25,0
django,M,"[,1.3.2), [1.4,1.4.1)",6/30/2012,6/30/2012,5/17/2010,7/30/2012,25,0
django,M,"[,1.3.4), [1.4,1.4.2)",10/17/2012,10/17/2012,5/17/2010,10/17/2012,29,0
django,M,"[,1.3.6), [1.4,1.4.4)",9/30/2016,9/30/2016,5/17/2010,2/19/2013,76,0
django,M,"[,1.3.6), [1.4,1.4.4)",3/21/2013,3/21/2013,5/17/2010,2/19/2013,34,0
django,M,"[,1.3.6), [1.4,1.4.4)",3/21/2013,3/21/2013,5/17/2010,2/19/2013,34,0
django,L,"[,1.3.6), [1.4,1.4.4)",3/21/2013,3/21/2013,5/17/2010,2/19/2013,34,0
django,M,"[,1.4.13), [1.5,1.5.8), [1.6,1.6.5)",5/14/2014,5/14/2014,5/17/2010,5/14/2014,48,0
django,M,"[,1.4.13), [1.5,1.5.8), [1.6,1.6.5)",5/14/2014,5/14/2014,5/17/2010,5/14/2014,48,0
django,H,"[,1.4.14), [1.5,1.5.9), [1.6,1.6.6)",5/14/2014,5/14/2014,5/17/2010,8/20/2014,48,0
django,L,"[,1.4.14), [1.5,1.5.9), [1.6,1.6.6)",8/20/2014,8/20/2014,5/17/2010,8/20/2014,51,0
django,M,"[,1.4.14), [1.5,1.5.9), [1.6,1.6.6)",8/20/2014,8/20/2014,5/17/2010,8/20/2014,51,0
django,M,"[,1.4.14), [1.5,1.5.9), [1.6,1.6.6)",8/20/2014,8/20/2014,5/17/2010,8/20/2014,51,0
django,M,"[,1.4.18), [1.5,1.6.10), [1.7,1.7.3)",1/13/2015,1/13/2015,5/17/2010,1/13/2015,56,0
django,M,"[,1.4.18), [1.5,1.6.10), [1.7,1.7.3)",1/13/2015,1/13/2015,5/17/2010,1/13/2015,56,0
django,M,"[,1.4.18), [1.5,1.6.10), [1.7,1.7.3)",1/13/2015,1/13/2015,5/17/2010,1/13/2015,56,0
django,M,"[,1.4.18), [1.5,1.6.10), [1.7,1.7.3)",1/13/2015,1/13/2015,5/17/2010,1/13/2015,56,0
django,M,"[,1.4.20), [1.5,1.6.11), [1.7,1.7.7)",3/18/2015,3/18/2015,5/17/2010,3/18/2015,58,0
django,M,"[,1.4.20), [1.5,1.6.11), [1.7,1.7.7)",3/18/2015,3/18/2015,5/17/2010,3/18/2015,58,0
django,M,"[,1.4.21), [1.5,1.7.9), [1.8,1.8.3)",8/7/2015,8/7/2015,5/17/2010,8/7/2015,63,0
django,M,"[,1.4.21), [1.5,1.7.9), [1.8,1.8.3)",8/7/2015,8/7/2015,5/17/2010,8/7/2015,63,0
django,M,"[,1.4.22), [1.5,1.7.10), [1.8,1.8.4)",8/18/2015,8/18/2015,5/17/2010,8/18/2015,63,0
django,M,"[,1.4.22), [1.5,1.7.10), [1.8,1.8.4)",8/18/2015,8/18/2015,5/17/2010,8/18/2015,63,0
django,M,"[,1.4.6), [1.5,1.5.2)",8/13/2013,8/13/2013,5/17/2010,8/13/2013,39,0
django,M,"[,1.4.6), [1.5,1.5.2)",8/13/2013,8/13/2013,5/17/2010,8/13/2013,39,0
django,M,"[,1.4.7), [1.5,1.5.3)",11/14/2013,11/14/2013,5/17/2010,11/9/2013,42,0
django,M,"[,1.4.8), [1.5,1.5.4)",9/15/2013,9/15/2013,5/17/2010,9/15/2013,40,0
django,M,"[,1.7.11), [1.8,1.8.7)",11/24/2015,11/24/2015,5/17/2010,11/24/2015,66,0
django,M,"[,1.8.10), [1.9,1.9.3)",1/3/2016,1/3/2016,5/17/2010,1/3/2016,68,0
django,L,"[,1.8.10), [1.9,1.9.3)",1/3/2016,1/3/2016,5/17/2010,1/3/2016,68,0
django,M,"[,1.8.14), [1.9,1.9.8)",7/18/2016,7/18/2016,5/17/2010,7/18/2016,74,0
django,M,"[,1.8.15), [1.9,1.9.10)",9/26/2016,9/26/2016,5/17/2010,9/26/2016,76,0
django,H,"[,1.8.16), [1.9,1.9.11), [1.10,1.10.3)",2/11/2016,2/11/2016,5/17/2010,1/11/2016,69,0
django,H,"[,1.8.16), [1.9,1.9.11), [1.10,1.10.3)",1/11/2016,1/11/2016,5/17/2010,1/11/2016,68,0
django,M,"[,1.8.18), [1.9,1.9.13), [1.10,1.10.7)",5/4/2017,5/4/2017,5/17/2010,4/4/2017,84,0
django,M,"[,1.8.18), [1.9,1.9.13), [1.10,1.10.7)",5/4/2017,5/4/2017,5/17/2010,4/4/2017,84,0
django,M,"[1.2,1.2.2)",9/9/2010,9/9/2010,5/17/2010,9/9/2010,4,0
django,M,"[1.7,1.7.6)",9/3/2015,9/3/2015,2/9/2014,9/3/2015,19,0
django,M,"[1.8,1.8.2)",5/20/2015,5/20/2015,1/4/2015,5/20/2015,5,0
django,H,"[1.8,1.8.3)",8/7/2015,8/7/2015,1/4/2015,8/7/2015,7,0
django,M,"[1.9,1.9.2)",1/2/2016,1/2/2016,1/12/2015,1/2/2016,12,0
django-cms,M,"[3.1,3.1.1)",6/27/2015,6/27/2015,3/26/2015,6/27/2015,3,0
django-markupfield,M,"[,1.3.2]",4/20/2015,4/20/2015,6/29/2009,4/21/2015,70,0
django-tastypie,H,"[,0.9.10]",10/28/2011,10/28/2011,2/19/2011,9/12/2011,8,0
djblets,M,"[,1.6.19), [,0.7.15)",10/10/2013,10/10/2013,6/14/2009,5/26/2013,52,0
djblets,M,"[0.8,0.8.2]",6/6/2014,6/6/2014,5/20/2014,6/6/2014,1,0
djblets,M,"[0.8,0.8.2],[,0.7.30]",6/6/2014,6/6/2014,5/20/2014,8/20/2014,1,0
docker-py,M,"[,0.5.3],[,1.3.1]",10/30/2014,10/30/2014,6/21/2013,8/11/2011,16,0
dulwich,H,"[,0.18.5]",10/28/2017,3/11/2017,11/12/2008,11/11/2017,108,0
dulwich,H,"[,0.9.8]",3/22/2015,3/22/2015,11/12/2008,3/22/2015,76,0
dulwich,H,"[,0.9.9]",1/16/2015,1/16/2015,11/12/2008,3/22/2015,74,0
fabric,M,"[,1.1.0]",6/6/2011,6/6/2011,12/1/2008,6/30/2011,30,0
fabric,L,"[0.9.0,1.13.1]",11/6/2015,11/6/2015,9/11/2009,4/24/2017,74,0
facebook-sdk,H,"[0.3.0,0.3.2)",7/17/2012,7/17/2012,4/25/2012,7/28/2012,3,0
feedparser,M,"[,5.0.1]",11/4/2011,11/4/2011,6/15/2007,3/12/2011,53,0
feedparser,M,"[,5.0.1]",11/4/2011,11/4/2011,6/15/2007,3/12/2011,53,0
feedparser,M,"[,5.0.1]",11/4/2011,11/4/2011,6/15/2007,3/12/2011,53,0
feedparser,M,"[,5.1.2]",5/21/2012,5/21/2012,6/15/2007,9/12/2012,59,0
five.pt,M,"[0.1,2.2.4)",4/19/2016,4/19/2016,4/20/2010,4/19/2016,72,0
flask-admin,M,"[,1.3.0)",8/20/2015,8/20/2015,11/7/2011,8/23/2015,45,0
flask-oidc,M,"[,0.1.2]",10/20/2016,10/20/2016,7/31/2014,8/2/2017,27,0
flower,M,"[,0.9.1]",12/12/2016,12/12/2016,9/7/2012,6/18/2017,51,0
foolscap,M,"[,0.7.0)",9/21/2014,9/21/2014,8/8/2007,9/24/2014,85,0
formencode,M,"[,1.0.1)",5/11/2017,4/12/2017,8/15/2005,3/27/2008,141,0
graphite-web,M,"[,0.9.11)",7/8/2013,7/8/2013,7/1/2010,8/20/2013,36,0
graphite-web,M,"[0.9.5,0.9.11)",7/8/2013,7/8/2013,7/1/2010,8/20/2013,36,0
graphite-web,M,"[0.9.5,0.9.11)",7/8/2013,7/8/2013,7/1/2010,8/20/2013,36,0
hpack,H,"[,2.3.0)",4/8/2016,4/8/2016,4/13/2015,4/8/2016,12,0
html5lib,M,"[,0.99999999), [1.0b1,1.0b9)",10/4/2013,10/4/2013,6/30/2013,7/14/2016,3,0
httplib2,L,"[,0.9)",1/18/2014,1/18/2014,8/28/2012,4/14/2014,17,0
ipython,M,"[,3.2.0)",6/22/2015,6/22/2015,1/31/2006,6/22/2015,113,0
ipython,M,"[,3.2.0)",6/22/2015,6/22/2015,1/31/2006,6/22/2015,113,0
ipython,M,"[,3.2.1)",8/7/2015,8/7/2015,1/31/2006,12/7/2015,114,0
ipython,M,"[2,4.0)",8/8/2016,8/8/2016,2/4/2014,12/8/2015,30,0
ipywidgets,M,"[5,5.1.5)",5/19/2016,5/19/2016,4/15/2016,5/25/2016,1,0
jinja2,M,"[,2.7.2)",10/1/2014,10/1/2014,9/6/2008,10/1/2014,73,0
jwcrypto,M,"[,0.3.2)",8/31/2016,8/31/2016,6/16/2015,11/29/2016,14,0
kallithea,M,"[,0.3.2)",4/19/2016,4/19/2016,4/7/2014,2/5/2016,24,0
kallithea,H,"[,0.3.2)",4/19/2016,4/19/2016,4/7/2014,2/5/2016,24,0
keyring,M,"(,0.9]",11/1/2011,11/1/2011,8/21/2009,3/6/2012,26,0
keyring,M,"[0,0.9.2]",11/28/2011,11/28/2011,8/21/2009,11/29/2012,27,0
keyring,M,"[0.9.2,1.1]",11/28/2011,11/28/2011,6/18/2012,2/1/2013,0,0
keystonemiddleware,L,"[1.0.0,1.2.0)",9/25/2014,9/25/2014,3/7/2014,9/25/2014,7,0
keystonemiddleware,L,"[1.0.0,1.6.0)",4/17/2015,4/17/2015,3/7/2014,4/21/2015,13,0
kss.core,M,"[1.2-alpha2,1.6.5)",5/11/2011,5/11/2011,10/2/2007,12/15/2012,43,0
logilab-common,M,"[0.38.1,0.61.0)",1/30/2014,1/30/2014,2/3/2009,11/2/2014,60,0
logilab-common,M,"[0.38.1,0.61.0)",1/30/2014,1/30/2014,2/3/2009,11/2/2014,60,0
lxml,M,"[,3.3.5)",4/15/2014,4/15/2014,3/20/2006,4/18/2014,97,0
mako,M,"[,0.3.4)",6/30/2010,6/30/2010,12/31/2006,6/22/2010,42,0
manila-ui,M,"[,2.6.0)",6/30/2016,6/30/2016,4/29/2015,1/23/2017,14,0
markdown2,M,*,1/17/2018,1/19/2018,9/9/2008,,112,0
mercurial,H,"[,3.2.4)",3/27/2015,3/27/2015,9/5/2006,1/1/2015,103,0
mercurial,M,"[2.6.2,3.8.1)",6/4/2016,6/4/2016,11/7/2013,1/5/2016,31,0
mercurial,H,"[2.7.0,3.7.3)",3/16/2016,3/16/2016,2/8/2013,3/29/2016,37,0
mercurial,M,"[2.7.0,3.7.3)",3/20/2016,3/20/2016,2/8/2013,3/29/2016,37,0
mercurial,M,"[2.7.0,3.7.3)",3/20/2016,3/20/2016,2/8/2013,3/29/2016,37,0
mistune,M,"[,0.8.1)",11/19/2017,7/12/2017,2/18/2014,7/11/2017,45,0
mod_wsgi,H,"[4.1.0,4.2.4)",5/4/2016,5/4/2016,5/23/2014,6/18/2014,23,0
moin,M,"[,1.7.3), [1.8,1.8.8), [1.9,1.9.3)",8/5/2010,8/5/2010,6/9/2009,7/2/2012,14,0
moin,M,"[,1.7.3), [1.9,1.9.3)",8/5/2010,8/5/2010,6/9/2009,7/2/2012,14,0
moin,H,"[,1.8.7)",2/26/2010,2/26/2010,6/9/2009,2/14/2010,9,0
moin,M,"[,1.8.7), [1.9,1.9.2)",2/26/2010,2/26/2010,6/9/2009,1/3/2010,9,0
moin,H,"[,1.8.7), [1.9,1.9.2)",2/26/2010,2/26/2010,6/9/2009,1/3/2010,9,0
moin,M,"[,1.9.1)",1/18/2010,1/18/2010,6/9/2009,1/18/2010,7,0
moin,L,"[,1.9.3)",4/5/2010,4/5/2010,6/9/2009,7/2/2012,10,0
moin,L,"[,1.9.3)",2/21/2011,2/21/2011,6/9/2009,7/2/2012,20,0
moin,M,"[,1.9.5)",8/12/2012,8/12/2012,6/9/2009,9/24/2012,38,0
moin,M,"[,1.9.6)",2/24/2016,2/24/2016,6/9/2009,12/29/2012,80,0
moin,M,"[,1.9.6)",12/29/2012,12/29/2012,6/9/2009,12/29/2012,43,0
moin,M,"[,1.9.8)",1/11/2016,1/11/2016,6/9/2009,10/17/2014,79,0
moin,M,"[,1.9.9)",1/11/2016,1/11/2016,6/9/2009,10/31/2016,79,0
moin,M,"[,1.9.9)",1/11/2016,1/11/2016,6/9/2009,10/31/2016,79,0
moin,M,"[1.9,1.9.3)",8/5/2010,8/5/2010,5/12/2009,7/2/2012,15,0
moin,M,"[1.9,1.9.5)",10/9/2012,10/9/2012,5/12/2009,9/24/2012,41,0
moin,M,"[1.9.3,1.9.6)",12/29/2012,12/29/2012,7/2/2012,12/29/2012,6,0
murano-dashboard,H,"[2014.0.0,2015.1.1)",5/26/2016,5/26/2016,12/15/2014,8/6/2016,17,0
mwlib,M,"[,0.13.5)",2/29/2012,2/29/2012,9/25/2007,2/29/2012,53,0
mysql-connector,M,"[,2.1.3]",9/22/2016,9/22/2016,5/30/2016,8/20/2016,4,0
notebook,M,"[,4.2.2)",7/26/2016,7/26/2016,4/21/2015,3/8/2016,15,0
notebook,M,"[,4.3.1)",12/13/2016,12/13/2016,4/21/2015,12/21/2016,20,0
nova-lxd,M,"[,13.1.1)",1/31/2017,1/31/2017,11/12/2015,8/2/2017,15,0
numpy,M,"[,1.8.1)",6/2/2014,6/2/2014,3/14/2006,3/25/2014,99,0
openpyxl,M,"[1.1.0,2.4.1)",8/2/2017,8/2/2017,11/8/2010,11/23/2016,81,0
oslo.middleware,H,"[,3.23.0)",11/30/2016,11/30/2016,7/24/2014,1/18/2017,28,0
paste,M,"[,0.9.5)",6/19/2017,4/12/2017,3/10/2005,7/20/2006,147,0
pastescript,M,"[,1.7.5)",8/2/2012,8/2/2012,3/10/2005,7/11/2011,89,0
pillow,H,"(,2.5.0]",5/5/2014,5/5/2014,7/31/2010,10/7/2014,45,0
pillow,M,"[,2.3.1)",11/2/2014,11/2/2014,7/31/2010,3/15/2014,51,0
pillow,M,"[,2.3.1)",11/2/2014,11/2/2014,7/31/2010,3/15/2014,51,0
pillow,M,"[,2.3.2), [2.5,2.5.2)",2/22/2016,2/22/2016,7/31/2010,8/13/2014,67,0
pillow,M,"[,2.5.3)",2/22/2016,2/22/2016,7/31/2010,8/18/2014,67,0
pillow,M,"[,2.7.0)",2/17/2016,2/17/2016,7/31/2010,1/1/2015,67,0
pillow,M,"[,3.1.1)",2/23/2016,2/23/2016,7/31/2010,4/2/2016,67,0
pillow,M,"[,3.1.1)",2/23/2016,2/23/2016,7/31/2010,4/2/2016,67,0
pillow,M,"[,3.1.1)",2/29/2016,2/29/2016,7/31/2010,4/2/2016,67,0
pillow,H,"[,3.1.1)",5/11/2017,4/12/2017,7/31/2010,4/2/2016,81,0
pillow,M,"[,3.3.2)",5/10/2016,5/10/2016,7/31/2010,3/10/2016,69,0
pillow,H,"[,3.3.2)",11/4/2016,11/4/2016,7/31/2010,3/10/2016,75,0
pillow,M,"[2.5.0,3.1.2)",4/15/2016,4/15/2016,1/7/2014,1/4/2016,27,0
plone,M,"[,4.0)",6/11/2012,6/11/2012,10/10/2008,8/29/2010,44,0
plone,M,"[,4.1.3]",12/28/2011,12/28/2011,10/10/2008,8/2/2012,39,0
plone,M,"[,4.2)",5/31/2011,5/31/2011,10/10/2008,6/29/2012,32,0
plone,M,"[,4.2.3), [4.3,4.3b1)",6/11/2012,6/11/2012,10/10/2008,2/1/2013,44,0
plone,M,"[,4.2.3), [4.3,4.3b1)",6/11/2012,6/11/2012,10/10/2008,2/1/2013,44,0
plone,H,"[,4.2.3), [4.3,4.3b1)",6/11/2012,6/11/2012,10/10/2008,2/1/2013,44,0
plone,M,"[,4.2.3), [4.3,4.3b1)",6/11/2012,6/11/2012,10/10/2008,2/1/2013,44,0
plone,M,"[,4.2.3), [4.3,4.3b1)",6/11/2012,6/11/2012,10/10/2008,2/1/2013,44,0
plone,M,"[,4.2.3), [4.3,4.3b1)",6/11/2012,6/11/2012,10/10/2008,2/1/2013,44,0
plone,H,"[,4.2.3), [4.3,4.3b1)",6/11/2012,6/11/2012,10/10/2008,2/1/2013,44,0
plone,M,"[,4.2.3), [4.3,4.3b1)",6/11/2012,6/11/2012,10/10/2008,2/1/2013,44,0
plone,M,"[,4.2.3), [4.3,4.3b1)",6/11/2012,6/11/2012,10/10/2008,2/1/2013,44,0
plone,M,"[,4.2.3), [4.3,4.3b1)",6/11/2012,6/11/2012,10/10/2008,2/1/2013,44,0
plone,L,"[,4.2.3), [4.3,4.3b1)",6/11/2012,6/11/2012,10/10/2008,2/1/2013,44,0
plone,M,"[,4.2.3), [4.3,4.3b1)",6/11/2012,6/11/2012,10/10/2008,2/1/2013,44,0
plone,M,"[,4.2.3), [4.3,4.3b1)",6/11/2012,6/11/2012,10/10/2008,2/1/2013,44,0
plone,M,"[,4.2.3), [4.3,4.3b1)",6/11/2012,6/11/2012,10/10/2008,2/1/2013,44,0
plone,M,"[,4.2.3), [4.3,4.3b1)",6/11/2012,6/11/2012,10/10/2008,2/1/2013,44,0
plone,M,"[,4.2.3), [4.3,4.3b1)",6/11/2012,6/11/2012,10/10/2008,2/1/2013,44,0
plone,M,"[,4.2.3), [4.3,4.3b1)",6/11/2012,6/11/2012,10/10/2008,2/1/2013,44,0
plone,M,"[,4.2.3), [4.3,4.3b1)",6/11/2012,6/11/2012,10/10/2008,2/1/2013,44,0
plone,M,"[,4.2.3), [4.3,4.3b1)",6/11/2012,6/11/2012,10/10/2008,2/1/2013,44,0
plone,M,"[,4.2.5), [4.3,4.3.1)",1/8/2013,1/8/2013,10/10/2008,5/31/2013,51,0
plone,M,"[,4.2.5), [4.3,4.3.1)",1/8/2013,1/8/2013,10/10/2008,5/31/2013,51,0
plone,M,"[,4.2.5), [4.3,4.3.1)",1/8/2013,1/8/2013,10/10/2008,5/31/2013,51,0
plone,M,"[,4.2.5), [4.3,4.3.1)",1/8/2013,1/8/2013,10/10/2008,5/31/2013,51,0
plone,M,"[,4.2.5), [4.3,4.3.1)",1/8/2013,1/8/2013,10/10/2008,5/31/2013,51,0
plone,M,"[,4.2.5), [4.3,4.3.1)",1/8/2013,1/8/2013,10/10/2008,5/31/2013,51,0
plone,M,"[,4.2.5), [4.3,4.3.1)",1/8/2013,1/8/2013,10/10/2008,5/31/2013,51,0
plone,M,"[,4.2.5), [4.3,4.3.1)",1/8/2013,1/8/2013,10/10/2008,5/31/2013,51,0
plone,M,"[,4.2.5), [4.3,4.3.1)",1/8/2013,1/8/2013,10/10/2008,5/31/2013,51,0
plone,L,"[,4.2.5), [4.3,4.3.1)",1/8/2013,1/8/2013,10/10/2008,5/31/2013,51,0
plone,M,"[,4.2.5), [4.3,4.3.1)",1/8/2013,1/8/2013,10/10/2008,5/31/2013,51,0
plone,M,"[,4.2.5), [4.3,4.3.1)",1/8/2013,1/8/2013,10/10/2008,5/31/2013,51,0
plone,H,"[,4.3.7)",10/9/2015,10/9/2015,10/10/2008,9/28/2015,84,0
plone,M,"[,4.3.7)",10/9/2015,10/9/2015,10/10/2008,9/28/2015,84,0
plone,L,"[,5.0.6]",7/18/2016,7/18/2016,10/10/2008,2/20/2017,93,0
plone,L,"[,5.1a1]",7/18/2016,7/18/2016,10/10/2008,3/31/2016,93,0
plone,M,"[,5.1a2]",1/18/2017,1/18/2017,10/10/2008,2/20/2017,99,0
plone,L,"[3,4.0)",10/9/2015,10/9/2015,10/10/2008,8/29/2010,84,0
plone,M,"[3.3,4.2.7]",10/9/2015,10/9/2015,8/18/2009,10/12/2013,74,0
plone,M,"[3.3,4.3.2]",10/12/2013,10/12/2013,8/18/2009,2/20/2014,50,0
plone,M,"[3.3,4.3.2]",10/12/2013,10/12/2013,8/18/2009,2/20/2014,50,0
plone,H,"[3.3,5.1a1]",4/20/2016,4/20/2016,8/18/2009,8/19/2016,80,0
plone,H,"[4,4.0.9],[4.1,4.2a2]",4/10/2011,4/10/2011,11/19/2009,6/12/2011,17,0
plone,M,"[4,4.2)",5/31/2011,5/31/2011,11/19/2009,6/29/2012,18,0
plone,L,"[4,5.1a1]",6/9/2016,6/9/2016,11/19/2009,8/19/2016,79,0
plone,M,"[4,5.1a1]",7/18/2016,7/18/2016,11/19/2009,8/19/2016,80,0
plone,L,"[4,5.1a2]",1/18/2017,1/18/2017,11/19/2009,2/20/2017,86,0
plone,H,"[4.0,5.1a1]",9/4/2016,9/4/2016,8/29/2010,8/19/2016,72,0
plone,L,"[4.2,5.1a1]",8/30/2016,8/30/2016,6/29/2012,8/19/2016,50,0
plone,M,"[4.3.0,4.3.1]",1/8/2013,1/8/2013,6/4/2013,8/13/2013,0,0
plone,M,"[5.0,5.1a1]",4/20/2016,4/20/2016,3/3/2014,8/19/2016,26,0
plone.app.blob,M,"[,1.5.2)",6/11/2012,6/11/2012,7/12/2007,5/25/2012,59,0
plone.app.content,M,"[,3.2]",7/18/2016,7/18/2016,1/3/2007,9/13/2016,114,0
plone.app.event,M,"[,3.0)",6/6/2016,6/6/2016,12/3/2012,12/8/2016,42,0
plone.app.portlets,M,"[,2.4.5)",3/18/2013,3/18/2013,3/25/2007,8/13/2013,72,0
plone.app.users,M,"[1.0a1,1.0.5)",5/26/2011,5/26/2011,11/18/2009,2/6/2011,18,0
plone.app.users,M,"[2.0,2.3.8)",6/9/2016,6/9/2016,2/3/2014,9/23/2016,28,0
plone.openid,M,"[,2.0.1)",10/11/2012,10/11/2012,4/2/2007,10/12/2012,66,0
priority,M,"[,1.2.0)",4/8/2016,4/8/2016,11/11/2015,4/8/2016,5,0
products.cmfeditions,H,"[2,2.2.2)",4/10/2011,4/10/2011,11/14/2009,10/17/2011,17,0
products.cmfformcontroller,M,"[,3.1.3)",7/18/2016,7/18/2016,5/3/2007,7/9/2016,110,0
products.externaleditor,M,"[,2.0.1)",7/18/2016,7/18/2016,3/5/2008,7/9/2016,100,0
products.kupu,M,"[,1.5.0b1]",9/9/2015,9/9/2015,6/10/2008,7/4/2011,87,0
products.kupu,M,"[,1.5.1)",10/11/2012,10/11/2012,6/10/2008,9/12/2012,52,0
products.kupu,M,"[,1.5.2)",6/18/2013,6/18/2013,6/10/2008,8/14/2013,60,0
products.poi,M,"[,2.2.3)",12/4/2013,12/4/2013,6/8/2008,4/18/2013,66,0
pycares,H,"[,2.1.1)",9/22/2016,9/22/2016,9/7/2012,2/14/2016,48,0
pycsw,H,"[,1.8.6), [1.10,1.10.5), [2,2.0.2)",9/10/2016,9/10/2016,10/9/2012,10/18/2016,47,0
pyfribidi,M,"[,0.11.0)",8/3/2012,8/3/2012,12/7/2011,9/3/2012,8,0
pyftpdlib,M,"[,0.5.2)",2/4/2009,2/4/2009,12/20/2007,9/13/2009,13,0
pygments,H,"[1.2.2,2.0.2]",8/21/2015,8/21/2015,2/1/2010,1/17/2016,67,0
pyjwt,H,"[,1.5.1)",6/22/2017,4/12/2017,2/24/2011,6/22/2017,76,0
pykerberos,M,"[,1.1.6)",5/18/2015,5/18/2015,12/2/2014,5/17/2015,6,0
pymongo,M,"[,2.5.2)",5/31/2013,5/31/2013,1/22/2009,1/6/2013,52,0
pysaml2,M,"[,2.1.0)",12/9/2014,12/9/2014,4/19/2013,9/22/2014,20,0
pysaml2,M,"[,2.3.0)",3/2/2015,3/2/2015,4/19/2013,4/2/2015,22,0
pysaml2,H,"[,4.4.0]",6/10/2016,6/10/2016,4/19/2013,10/26/2016,38,0
python-dbusmock,H,"[,0.15.1)",11/5/2015,11/5/2015,1/10/2012,12/5/2015,46,0
python-docx,H,"[,0.8.6)",10/4/2016,10/4/2016,12/20/2013,6/22/2016,33,0
python-fedora,M,"[,0.9.0)",10/4/2017,9/11/2017,8/3/2009,5/5/2017,98,0
python-glanceclient,M,"[,0.12.0)",6/18/2013,6/18/2013,6/28/2012,11/15/2013,12,0
python-jose,H,"[,1.3.2)",5/9/2016,5/9/2016,4/22/2015,5/9/2016,13,0
python-keystoneclient,M,"(,0.2.3]",4/13/2017,4/13/2017,6/29/2012,5/29/2013,57,0
python-keystoneclient,M,"[,0.2.4)",5/28/2013,5/28/2013,6/29/2012,5/29/2013,11,0
python-keystoneclient,M,"[,0.7.0)",3/28/2014,3/28/2014,6/29/2012,3/26/2014,21,0
python-keystoneclient,H,"[1.5,1.5.4),[2,2.3.3)",5/11/2017,4/12/2017,5/28/2015,1/31/2017,23,0
python-qpid-proton,M,"[,0.12.1)",9/3/2016,9/3/2016,7/14/2014,3/22/2016,26,0
python-swiftclient,M,"[1,2.0.0)",11/18/2013,11/18/2013,5/22/2012,2/14/2014,18,0
pywbem,M,"[,0.7.0]",9/12/2013,9/12/2013,10/28/2010,10/28/2010,34,0
pywbem,M,"[,0.7.0]",12/17/2013,12/17/2013,10/28/2010,10/28/2010,38,0
pywebdav,H,"[,0.9.4.1)",2/26/2016,2/26/2016,9/17/2006,2/18/2011,113,0
pyxmlsecurity,M,"[0.7,0.9)",6/20/2013,6/20/2013,4/2/2013,6/24/2013,3,0
radicale,H,"[,1.1)",5/1/2016,5/1/2016,12/4/2010,12/31/2015,65,0
radicale,H,"[,1.1)",5/1/2016,5/1/2016,12/4/2010,12/31/2015,65,0
radicale,M,"[,1.1)",5/1/2016,5/1/2016,12/4/2010,12/31/2015,65,0
requests,M,"[,1.1.0)",5/15/2013,5/15/2013,2/13/2011,10/1/2013,27,0
requests,H,"[,1.2.3]",7/4/2012,7/4/2012,2/13/2011,9/24/2013,17,0
requests,M,"[,2.3.0)",12/25/2013,12/25/2013,2/13/2011,5/16/2014,34,0
requests,M,"[,2.3.0)",12/25/2013,12/25/2013,2/13/2011,5/16/2014,34,0
requests,H,"[1.2.0,2.10.0]",7/17/2016,7/17/2016,3/31/2013,8/8/2016,40,0
requests,M,"[2.1.0,2.6.0)",3/14/2015,3/14/2015,5/12/2013,3/14/2015,22,0
requests-kerberos,M,"[0.2,0.6)",9/8/2014,9/8/2014,3/26/2013,4/11/2014,17,0
restauth,M,"[0.6.1,0.6.3)",5/24/2013,5/24/2013,1/4/2013,5/31/2013,5,0
restkit,M,"[,4.2.2]",12/3/2015,12/3/2015,2/28/2010,,69,0
reviewboard,M,"[1.6,1.6.18], [1.7,1.7.14]",8/10/2013,8/10/2013,6/9/2011,10/10/2013,26,0
roundup,M,"[,1.4.14)",6/30/2010,6/30/2010,7/18/2003,12/7/2010,83,0
roundup,M,"[,1.4.20)",7/16/2011,7/16/2011,7/18/2003,5/15/2012,96,0
roundup,M,"[,1.4.20)",7/16/2011,7/16/2011,7/18/2003,5/15/2012,96,0
roundup,M,"[,1.4.20)",7/16/2011,7/16/2011,7/18/2003,5/15/2012,96,0
roundup,M,"[,1.5.1)",4/3/2016,4/3/2016,7/18/2003,11/1/2016,153,0
rpc4django,H,"[0.1.8,0.2.3)",5/24/2013,5/24/2013,10/27/2010,5/30/2013,31,0
rply,M,"(,0.7.0]",1/14/2014,1/14/2014,12/15/2012,7/12/2013,13,0
rsa,M,"[,3.3)",12/15/2015,12/15/2015,4/23/2008,1/13/2016,92,0
rsa,H,"[3.0,3.4)",7/12/2012,7/12/2012,5/8/2011,3/17/2016,14,0
rsa,M,"[3.0,3.4.0)",11/15/2013,11/15/2013,5/8/2011,3/17/2016,30,0
salt,M,"[2017.7.0,2017.7.2),[2016.11.0,2016.11.8),[2016.3.0,2016.3.8)",8/24/2017,5/11/2017,12/7/2017,9/10/2017,0,0
salt,M,"[2017.7.0,2017.7.2),[2016.11.0,2016.11.8),[2016.3.0,2016.3.8)",8/23/2017,5/11/2017,12/7/2017,9/10/2017,0,0
sanic,M,"[,0.5.1)",12/4/2017,11/28/2017,10/15/2016,4/14/2017,14,0
scipy,H,"[0.12,0.12.1)",1/9/2013,1/9/2013,9/4/2013,12/10/2013,0,0
sentry,M,"[,5.4.4)",6/3/2013,6/3/2013,4/1/2012,6/3/2013,14,0
sentry,M,"[,5.4.4)",6/3/2013,6/3/2013,4/1/2012,6/3/2013,14,0
sentry,H,"[,6.1.1)",8/27/2013,8/27/2013,4/1/2012,8/26/2013,17,0
sentry,M,"[,7.0.0)",8/5/2014,8/5/2014,4/1/2012,2/1/2015,28,0
sentry,M,"[,7.4.0)",2/28/2015,2/28/2015,4/1/2012,6/3/2015,35,0
sentry,M,"[,7.7.0)",9/7/2015,9/7/2015,4/1/2012,7/28/2015,41,0
sentry,M,"[6.4.0,8.0.0rc2)",5/1/2016,5/1/2016,1/12/2013,5/1/2016,40,0
sentry,M,"[7.1.0,7.4.0)",1/12/2016,1/12/2016,1/13/2015,6/3/2015,12,0
sentry,M,"[8,8.7.0)",7/26/2016,7/26/2016,9/12/2015,8/8/2016,10,0
sentry,M,"[8,8.8.0)",12/8/2016,12/8/2016,9/12/2015,7/9/2016,15,0
sentry,M,"[8.11,8.15.0)",3/29/2017,3/29/2017,2/12/2016,5/4/2017,14,0
setuptools,M,"[,0.9.5)",5/11/2017,4/12/2017,5/13/2006,7/15/2013,132,0
sleekxmpp,M,"[,1.3.1]",10/2/2017,10/2/2017,5/8/2011,3/23/2017,77,0
slixmpp,M,"[1.0.post1,1.2.3]",9/2/2017,9/2/2017,7/31/2015,1/30/2017,25,0
swauth,M,"[,1.2.0]",11/20/2017,7/12/2017,11/15/2015,9/22/2016,24,0
textract,H,"[,1.5.0)",9/6/2016,9/6/2016,4/7/2014,11/15/2016,29,0
tlslite,M,"[0.4.0,0.4.9)",6/8/2015,6/8/2015,2/13/2012,12/8/2015,40,0
tornado,M,"(,3.0.2]",5/15/2013,5/15/2013,5/18/2010,2/6/2013,36,0
tornado,M,"[,2.2.1)",2/25/2016,2/25/2016,5/18/2010,4/24/2012,69,0
tornado,H,"[,3.2.2)",5/26/2014,5/26/2014,5/18/2010,4/6/2014,48,0
tqdm,H,"[,4.11.2)",12/25/2016,12/25/2016,10/26/2013,1/24/2017,38,0
tripleo-heat-templates,H,"[,0.8.6]",12/21/2015,12/21/2015,2/6/2014,7/1/2016,22,0
tripleo-heat-templates,M,"[,0.8.9]",11/13/2015,11/13/2015,2/6/2014,8/3/2016,21,0
tryton,H,"[,3.0.0]",4/11/2013,4/11/2013,11/17/2008,3/11/2013,53,0
trytond,M,"[,2.4.0)",3/3/2012,3/3/2012,11/17/2008,4/23/2012,39,0
trytond,M,"[,3.2.17), [3.4,3.4.14), [3.6,3.6.12), [3.8,3.8.8), [4,4.0.4)",5/9/2016,5/9/2016,11/17/2008,8/30/2016,90,0
trytond,L,"[3,4.2.3)",6/4/2017,6/4/2017,10/21/2013,3/4/2017,43,0
trytond,M,"[3.2,3.2.10), [3.4,3.4.8), [3.6,3.6.5), [3.8,3.8.1)",4/14/2016,4/14/2016,4/21/2014,12/16/2015,24,0
trytond,L,"[4.0.0,4.0.3]",5/9/2016,5/9/2016,2/5/2016,8/30/2016,3,0
tweepy,M,"[,2.3.1)",6/11/2012,6/11/2012,10/14/2009,4/27/2014,32,0
twilio,M,"[3.0.0,3.5.0)",5/20/2013,5/20/2013,7/15/2011,5/21/2013,22,0
twine,M,"[,1.6.0)",1/30/2015,1/30/2015,9/26/2013,9/14/2015,16,0
twisted,L,"[,14.0.1)",9/17/2014,9/17/2014,1/17/2003,9/17/2014,140,0
twisted,M,"[2.1.0,16.3.2]",7/17/2016,7/17/2016,10/10/2005,8/28/2016,129,0
ua-parser,M,"[,0.5.1)",9/22/2015,9/22/2015,12/29/2012,11/11/2015,33,0
urllib3,H,"[0,]",9/15/2017,9/17/2017,11/24/2008,,106,0
urllib3,M,"[1.17,1.18.1)",10/27/2016,10/27/2016,6/9/2016,10/27/2016,5,0
virtualenv,L,"[,1.5)",2/25/2016,2/25/2016,9/14/2007,9/14/2010,101,0
waitress,M,"[,0.8.11b0)",7/10/2015,7/10/2015,12/30/2011,3/16/2016,42,0
waitress,M,"[,1.0a1)",1/14/2015,1/14/2015,12/30/2011,6/25/2016,36,0
weblate,M,"[,2.10.1)",9/1/2017,9/1/2017,8/27/2014,1/20/2017,36,0
websocket-client,H,"[,0.33)",9/21/2015,9/21/2015,4/1/2011,10/27/2015,54,0
websocket-client,M,"[,0.33)",9/21/2015,9/21/2015,4/1/2011,10/27/2015,54,0
werkzeug,M,"[,0.11.11)",8/31/2016,8/31/2016,9/12/2007,8/31/2016,108,0
werkzeug,M,"[,0.8.3)",5/2/2012,5/2/2012,9/12/2007,5/2/2012,56,0
wger,M,"[,1.7)",9/11/2015,9/11/2015,2/23/2013,2/28/2016,31,0
widgetsnbextension,M,"[,1.2.3)",5/19/2016,5/19/2016,4/15/2016,5/25/2016,1,0
wpull,M,"[,0.1006.1)",12/24/2014,12/24/2014,7/1/2014,9/2/2015,6,0
wtforms,M,"[,2.1]",12/22/2016,12/22/2016,10/10/2009,12/15/2015,86,0
z3c.form,M,"[,3.4.0)",7/18/2016,7/18/2016,5/22/2007,11/15/2016,110,0
zms3,M,"[3.2,3.3.0)",7/28/2016,7/28/2016,10/28/2015,1/9/2016,9,0
zope_traversing,M,"[3.4,4.0.0a1)",2/24/2016,2/24/2016,9/29/2007,2/20/2013,101,0
zope2,M,"[,2.12.21), [2.13,2.13.11)",6/11/2012,6/11/2012,2/26/2009,12/12/2011,40,0
zope2,M,"[,2.13.19)",6/11/2012,6/11/2012,2/26/2009,10/31/2012,40,0
zope2,M,"[,2.13.19)",6/11/2012,6/11/2012,2/26/2009,10/31/2012,40,0
zope2,M,"[,2.8.12), [2.9,2.9.12), [2.10,2.10.22), [2.11,2.11.6), [2.12,2.12.3)",12/1/2010,12/1/2010,2/26/2009,6/2/2011,21,0
zope2,H,"[2.12,2.12.19), [2.13,2.13.8)",4/7/2011,4/7/2011,2/26/2009,6/28/2011,25,0
zope2,H,"[2.12,2.12.20), [2.13,2.13.10)",9/29/2011,9/29/2011,2/26/2009,4/10/2011,31,0
zope2,M,"[2.12,2.12.27)",6/11/2012,6/11/2012,2/26/2009,1/5/2013,40,0
zope2,M,"[2.12,2.12.27)",6/11/2012,6/11/2012,2/26/2009,1/5/2013,40,0
zope2,M,"[2.12,2.12.27), [2.13,2.13.20)",6/11/2012,6/11/2012,2/26/2009,1/5/2013,40,0
zope2,M,"[2.12,2.12.27), [2.13,2.13.20)",6/11/2012,6/11/2012,2/26/2009,1/5/2013,40,0
zope2,M,"[2.12,2.12.28), [2.13,2.13.21)",6/26/2013,6/26/2013,2/26/2009,7/16/2013,52,0
zope2,M,"[2.12,2.13.19)",11/21/2012,11/21/2012,2/26/2009,10/31/2012,45,0
zope2,M,"[2.12.0a2,2.12.26]",6/11/2012,6/11/2012,2/26/2009,10/31/2012,40,0
zope2,M,"[2.13,2.13.13)",6/26/2013,6/26/2013,6/25/2010,2/20/2012,36,0
zope2,H,"[2.13,2.13.2]",1/31/2011,1/31/2011,6/25/2010,1/19/2011,7,0
zope2,M,"[2.13,2.13.20)",11/21/2012,11/21/2012,6/25/2010,1/5/2013,29,0
zope2,M,"[2.13,2.13.21)",6/26/2013,6/26/2013,6/25/2010,7/16/2013,36,0
zope2,L,"[2.13,2.13.21)",6/26/2013,6/26/2013,6/25/2010,7/16/2013,36,0
zope2,M,"[2.13,2.13.21)",6/26/2013,6/26/2013,6/25/2010,7/16/2013,36,0
zope2,L,"[2.13,2.13.25)",9/9/2015,9/9/2015,6/25/2010,1/13/2017,62,0
zope2,L,[4.0a1],7/18/2016,7/18/2016,7/22/2016,,0,0
django,L,"[1.9,1.10.8), [1.11a1,1.11.5)",5/9/2017,6/9/2017,1/12/2015,5/9/2017,28,1
django-material-orange,M,"[,0.9.0)",8/21/2017,9/14/2017,1/18/2017,4/3/2015,7,1
flask,L,"[,0.6.1)",8/28/2017,9/14/2017,4/16/2010,12/31/2010,88,1
mistune,M,"[,0.8)",10/18/2017,11/19/2017,2/18/2014,10/26/2017,44,1
rsanic,M,"[,0.2.2)",8/29/2017,9/14/2017,2/14/2017,2/17/2017,6,1
salt,H,"[,2015.8.11)",11/28/2016,1/8/2017,5/18/2011,7/25/2016,66,1
supervisor,H,"[3.0a1,3.0.1), [3.1,3.1.4), [3.2,3.2.4), [3.3,3.3.3)",7/18/2017,8/8/2017,8/16/2007,7/24/2017,119,1
webob,M,"[,1.6.0a0)",7/10/2015,8/10/2015,8/18/2007,1/29/2016,95,1
html5lib,M,"[,0.99999999), [1.0b1,1.0b9)",2/22/2017,4/12/2017,6/30/2013,7/14/2016,44,2
products.ldapuserfolder,H,"[,2.20)",8/30/2017,10/25/2017,4/6/2008,4/5/2011,113,2
authbwc,H,"[,0.3.1)",7/21/2017,10/30/2017,11/16/2010,11/25/2010,80,3
confire,H,"[,0.2.0]",9/11/2017,11/28/2017,7/20/2014,7/31/2014,38,3
django-make-app,H,"[0,]",9/11/2017,11/28/2017,4/27/2016,,16,3
pycrypto,H,>=0.0.0,3/2/2018,6/2/2018,11/11/2002,,184,3
pyjwt,H,"[,1.5.1)",6/21/2017,9/11/2017,2/24/2011,6/22/2017,76,3
pysaml2,H,"[,4.5.0)",8/9/2017,10/30/2017,4/19/2013,11/10/2017,52,3
python-muranoclient,H,"[,0.7.3), [0.8,0.8.5)",10/8/2016,1/8/2017,9/9/2013,6/27/2016,37,3
django-basicauth,M,"[,0.4.2)",3/12/2017,7/12/2017,4/20/2015,11/27/2017,23,4
ovs,H,"[,2.7.2)",5/25/2017,9/11/2017,4/27/2015,8/25/2017,25,4
salt,H,"[,2015.8.12), [2016.3, 2016.3.5), [2016.11, 2016.11.2)",3/20/2017,7/11/2017,5/18/2011,1/30/2017,70,4
salt,H,"[,2015.8.13), [2016.3, 2016.3.5), [2016.11, 2016.11.2)",3/20/2017,7/11/2017,5/18/2011,1/30/2017,70,4
brasil.gov.portal,M,"[,1.5.1)",8/11/2017,1/22/2018,7/23/2013,11/30/2017,49,5
recurly,M,"[,2.0.6), [2.1,2.1.16), [2.2,2.2.22), [2.3,2.3.1), [2.4,2.4.5), [2.5,2.5.1), [2.6,2.6.2)",6/11/2017,11/20/2017,10/18/2011,9/11/2017,68,5
salt,H,"[2015.5, 2015.5.6), [2015.8, 2015.8.1)",2/14/2017,7/11/2017,6/5/2015,10/13/2015,20,5
scrapy,H,"[0,]",4/9/2017,9/11/2017,1/20/2010,,87,5
mlalchemy,H,"[,0.2.2)",6/11/2017,11/28/2017,1/30/2017,7/11/2017,4,6
openslides,M,"[,2.1)",1/15/2017,7/11/2017,11/27/2012,3/29/2017,50,6
ovs,H,"[,2.7.2)",3/3/2017,9/11/2017,4/27/2015,8/25/2017,22,6
owlmixin,H,"[,2.0.0a12)",6/11/2017,11/28/2017,2/1/2017,7/11/2017,4,6
pyanyapi,H,"[,0.6.1]",6/11/2017,11/28/2017,9/29/2015,,20,6
hug,H,"[,2.3.0)",4/5/2017,10/30/2017,7/17/2015,4/5/2017,21,7
radicale,M,"[,1.1.2)",4/8/2017,10/25/2017,12/4/2010,4/19/2017,76,7
girder,M,"[,2.2.0)",3/3/2017,10/30/2017,10/24/2014,3/23/2017,28,8
django-sql-explorer,M,"[,1.1.0)",12/15/2016,9/14/2017,12/30/2013,11/3/2015,35,9
onegov.form,M,"[,0.16.1)",12/22/2016,9/14/2017,3/17/2015,12/23/2016,21,9
rtv,M,"[,1.12.1)",9/27/2016,7/11/2017,3/3/2015,9/27/2016,19,9
django-anymail,M,"[,1.2.1)",2/3/2018,12/2/2018,10/3/2016,2/2/2018,16,10
pip,H,"[,1.3)",2/24/2016,1/8/2017,10/28/2008,7/3/2013,88,10
plone.app.content,M,"[,3.3.1)",8/30/2016,7/11/2017,1/3/2007,9/23/2016,116,10
django,M,"[2,2.0.2), [1.11.8,1.11.10)",1/2/2018,12/2/2018,2/12/2017,1/2/2018,11,11
ldap3,H,"[,2.4)",2/8/2017,1/22/2018,6/9/2016,11/14/2017,8,11
python-gnupg,M,"[0.3.5,0.3.6]",2/22/2016,1/8/2017,8/30/2013,7/12/2014,30,11
mockup,M,"[,2.1.3)",11/2/2016,10/25/2017,1/11/2014,2/27/2016,34,12
plone.app.discussion,M,"[,2.4.18)",9/20/2016,9/14/2017,7/7/2009,9/20/2016,86,12
plone.mockup,M,"[,1.0]",11/2/2016,10/25/2017,3/27/2015,3/27/2015,19,12
django-discord-bind,M,"[,0.2.0)",8/19/2016,9/14/2017,8/13/2016,8/19/2016,0,13
gevent,M,"[,1.2a1)",3/22/2016,4/12/2017,7/20/2009,10/27/2016,80,13
oic,M,"[,0.11.0.0)",8/5/2017,11/1/2018,7/1/2014,7/8/2017,37,15
plone,M,"[4.0,4.3.16), [5,5.1.0)",9/14/2017,12/2/2018,8/29/2010,2/15/2018,85,15
mapproxy,M,"[,1.10.4)",7/17/2017,11/2/2018,10/3/2010,8/17/2017,81,16
plone,H,"[,5.0)",2/27/2016,7/11/2017,10/10/2008,9/28/2015,89,16
pyorient,M,"[,1.4.7)",6/2/2016,10/15/2017,9/22/2014,9/2/2016,20,16
ipython,H,"[,3.2.2)",9/29/2015,4/12/2017,1/31/2006,9/22/2015,116,18
python-otr,M,"[,1.1.0)",1/20/2016,7/11/2017,1/15/2016,1/25/2016,0,18
cryptography,M,"[,1.0.2)",9/27/2015,4/12/2017,8/1/2014,9/27/2015,14,19
django-jet,M,"[,1.0.4)",3/12/2016,10/25/2017,9/8/2015,3/12/2016,6,19
gns3-gui,M,"[,1.5.1)",4/7/2016,10/30/2017,4/12/2014,7/7/2016,24,19
ipython,M,"[,3.2.2)",9/21/2015,4/12/2017,1/31/2006,9/22/2015,116,19
pytest-server-fixtures,H,"[,1.1.0)",2/15/2016,9/14/2017,12/23/2015,2/15/2016,2,19
django-initial-avatars,M,"[,0.5.0)",11/14/2015,7/11/2017,9/30/2015,11/14/2015,1,20
mistune,M,"[,0.7.2)",2/24/2016,10/15/2017,2/18/2014,2/26/2016,24,20
pytest-devpi-server,H,"[,1.1.0)",2/16/2016,10/15/2017,2/15/2016,2/15/2016,0,20
salt,M,"[,2014.7.4)",3/25/2015,1/8/2017,5/18/2011,3/30/2015,46,21
salt,H,"[2015.8,2015.8.4)",4/8/2015,1/8/2017,7/7/2015,1/28/2016,0,21
cryptography,H,"[,0.9.1)",6/6/2015,4/12/2017,8/1/2014,6/6/2015,10,22
kallithea,M,"[,0.2.1)",11/4/2015,9/11/2017,4/7/2014,4/14/2015,19,22
plone,M,"[,4.3.16), [5,5.1.0)",1/20/2017,12/2/2018,10/10/2008,2/15/2018,99,22
plone,M,"[,4.3.16),[5,5.1.0)",1/20/2017,12/2/2018,10/10/2008,2/15/2018,99,22
salt,L,"[,2015.8.3)",3/8/2015,1/8/2017,5/18/2011,1/12/2015,46,22
pypiserver,M,"[,1.1.7)",8/3/2015,7/11/2017,7/29/2011,8/3/2015,48,23
django-revproxy,M,"[,0.9.7)",9/17/2015,9/14/2017,10/24/2013,9/17/2015,23,24
pyramid,M,"[,1.6a2)",4/14/2015,4/12/2017,5/11/2010,6/30/2015,59,24
python-keystoneclient,M,"[,1.4.0)",4/17/2015,4/12/2017,6/29/2012,4/21/2015,34,24
pyjwt,M,"[,1.0.0)",3/17/2015,4/12/2017,2/24/2011,3/18/2015,49,25
django-fernet-fields,M,"[,0.3)",5/30/2015,9/14/2017,5/28/2015,5/29/2015,0,27
salt,H,"[,2015.5.5)",8/18/2015,11/29/2017,5/18/2011,8/20/2015,51,27
django-countries,M,"[,3.4)",5/13/2015,9/14/2017,12/29/2014,10/22/2015,4,28
djangorestframework,M,"[,2.3.14)",12/6/2014,4/12/2017,2/19/2011,12/6/2014,46,28
djangorestframework,M,"[2.4.0,2.4.5),[3,3.1.1)",5/23/2015,9/14/2017,8/29/2014,3/23/2015,9,28
plone.dexterity,M,"[,2.3.0)",3/13/2015,7/11/2017,7/25/2009,3/13/2015,68,28
pydal,H,"[,15.02.27)",2/26/2015,7/11/2017,12/25/2014,2/27/2015,2,28
deis,L,"[,1.4)",2/15/2015,7/11/2017,7/24/2013,3/3/2015,19,29
kallithea,H,"[,0.2)",6/4/2015,11/19/2017,4/7/2014,10/4/2015,14,29
otpauth,L,"[,1.0.1)",5/26/2015,10/30/2017,9/6/2013,5/26/2015,21,29
oauthlib,H,"[,0.7.0)",10/27/2014,4/12/2017,11/4/2012,10/27/2014,24,30
peppercorn,M,"[,0.5)",9/29/2014,7/11/2017,3/23/2010,9/29/2014,54,33
python-gnupg,H,"[,0.3.5)",4/2/2014,1/8/2017,10/1/2010,8/30/2013,42,33
ftw.mail,M,"[,2.2.3)",10/16/2014,9/14/2017,12/2/2014,10/24/2014,0,35
morepath,H,"[,0.14)",11/24/2014,10/15/2017,3/9/2013,4/26/2016,20,35
django-friendship,H,"[,1.2.0)",11/5/2014,10/30/2017,4/13/2012,9/22/2014,31,36
django-piston,H,"[,0.2.3)",11/5/2014,10/30/2017,4/29/2009,1/11/2011,66,36
keystonemiddleware,H,"[,1.5.4),[2.0,2.3.3)",1/9/2015,12/25/2017,6/19/2014,3/3/2016,7,36
djangorestframework,M,"[,2.4.4)",3/11/2014,4/12/2017,2/19/2011,3/11/2014,37,37
pycrypto,M,"[,2.6.1)",10/26/2013,1/8/2017,11/11/2002,10/17/2013,131,38
djangorestframework,M,"[,2.3.12)",1/15/2014,4/12/2017,2/19/2011,1/15/2014,35,39
docker-registry,M,"[,0.8.1)",8/26/2014,11/16/2017,5/29/2014,8/23/2014,3,39
pip,M,"[,1.5)",7/29/2013,1/8/2017,10/28/2008,2/1/2014,57,41
setuptools,M,"[,1.3)",10/28/2013,4/12/2017,5/13/2006,3/11/2013,89,41
ftw.permissionmanager,H,"[,2.2.2)",4/6/2014,11/16/2017,8/5/2012,5/6/2014,20,43
pypicloud,M,"[,0.2.2)",3/13/2014,10/25/2017,1/21/2014,3/13/2014,2,43
python-bugzilla,M,"[,0.9.0)",6/19/2013,1/8/2017,1/28/2012,1/20/2014,17,43
dpaste,M,"[,2.8)",1/8/2014,9/14/2017,11/29/2013,2/8/2014,1,44
pyramid-odesk,M,"[,1.1.2)",11/23/2013,7/11/2017,11/13/2013,11/23/2013,0,44
django-embed-video,M,"[,0.3)",12/8/2013,9/14/2017,1/6/2013,8/20/2013,11,45
pyrad,L,"[,2.1)",2/15/2013,1/8/2017,8/30/2007,,66,47
euphorie,M,"[,6.1)",10/25/2013,10/30/2017,2/23/2010,10/30/2013,44,48
setuptools,M,"[,3.0)",3/6/2013,4/12/2017,5/13/2006,8/3/2014,82,49
coveralls,M,"[,0.1.1)",2/13/2013,4/12/2017,12/2/2013,2/13/2013,0,50
defusedxml,H,"[,0.4)",2/25/2013,4/12/2017,2/19/2013,2/25/2013,0,50
defusedxml,M,"[,0.4)",2/25/2013,4/12/2017,2/19/2013,2/25/2013,0,50
djangorestframework,H,"[,2.2.1)",2/22/2013,4/12/2017,2/19/2011,2/23/2013,24,50
tracauthopenid,M,"[,0.4.4)",6/23/2013,10/25/2017,6/23/2013,6/23/2013,0,52
yubiauth,M,"[,0.2.3)",7/5/2013,10/25/2017,4/16/2013,7/5/2013,3,52
pmr2.oauth,M,"[,0.4.2)",1/31/2013,7/11/2017,10/20/2011,1/31/2013,15,53
pyopenssl,L,"[,0.13.1)",6/9/2013,1/22/2018,4/6/2008,4/9/2013,62,55
pip,M,"[,1.3)",4/1/2012,1/8/2017,10/28/2008,7/3/2013,41,57
pycrypto,M,"[,2.6)",4/19/2012,1/8/2017,11/11/2002,5/24/2012,113,57
easywidgets,M,"[,0.2dev-20150922)",1/15/2013,11/29/2017,2/3/2010,9/22/2015,35,58
vumi,H,"[,0.3.1)",9/1/2012,11/28/2017,12/3/2012,12/3/2012,0,63
django-crispy-forms,M,"[,1.1.4)",5/23/2012,9/14/2017,2/11/2011,5/24/2012,15,64
django-envelope,M,"[,0.4.1)",3/1/2012,9/14/2017,9/16/2010,3/1/2012,17,66
django-guts,M,"[,0.1.1)",12/3/2011,7/11/2017,12/3/2011,12/3/2011,0,67
werkzeug,M,"[,0.8)",9/25/2011,4/12/2017,9/12/2007,9/29/2011,48,67
yaybu,M,"[,0.1.14)",12/30/2011,9/14/2017,5/4/2011,1/1/2012,8,68
httpauth,M,"[,0.2)",1/8/2012,10/30/2017,10/7/2012,1/8/2012,0,70
oodt,M,"[,0.4)",12/13/2011,10/15/2017,11/11/2008,6/20/2012,37,70
passlib,M,"[,1.4)",3/30/2011,4/12/2017,3/25/2011,4/5/2011,0,72
products_portaltransforms,L,"[1.6.1,2.0.7)",6/6/2011,7/11/2017,9/30/2008,4/7/2011,32,73
plumi.app,H,"[,4.2.2)",6/22/2011,9/14/2017,7/24/2009,2/7/2011,23,75
pretaweb.healthcheck,M,"[,1.0)",6/24/2011,10/30/2017,6/24/2011,6/24/2011,0,76
tiddlyweb,H,"[,1.2.18)",2/22/2011,7/11/2017,7/5/2009,2/22/2011,20,77
paste,M,"[,1.7.4)",6/15/2010,4/12/2017,3/10/2005,6/24/2010,63,82
python-cjson,M,"[,1.0.5]",2/7/2010,4/12/2017,12/19/2006,8/24/2007,38,86
pywebsite,M,"[,0.1.14pre)",4/1/2010,9/14/2017,9/12/2009,4/1/2010,7,89
pygresql,H,"[,4.0)",10/14/2009,7/11/2017,5/6/2006,6/30/2009,41,93
django-haystack,M,"[,1.1)",3/24/2009,4/12/2017,11/30/2009,11/23/2010,0,97
cssutils,M,"[,0.9.6a2)",2/16/2009,4/12/2017,4/8/2007,8/3/2009,22,98
zope.html,H,"[,1.2)",6/7/2009,10/30/2017,10/29/2007,6/7/2009,19,101
beaker,M,"[,0.9.4)",3/4/2008,4/12/2017,3/13/2006,4/13/2008,24,109
paste,M,"[,1.1)",12/18/2006,4/12/2017,3/10/2005,12/18/2006,21,124
